YTC-W-One Door,YTC-W-Two Door
W1212,W2412B
W1512,W2712B
W1812,W3012B
W2112,W3312B
W1215,W3612B
W1515,W2415B
W1815,W2715B
W2115,W3015B
W2415,W3315B
W1218,W3615B
W1518,W2418B
W1818,W2718B
W2118,W3018B
W2418,W3318B
W1521,W3618B
W1821,W3918B
W1524,W2421B
W1824,W2721B
W2124,W3021B
W2424,W3321B
W1527,W3621B
W1827,W2424B
W0930,W2724B
W1230,W3024B
W1530,W3324B
W1830,W3624B
W2130,W2427B
W2430,W2727B
W0933,W3027B
W1233,W3327B
W1533,W3627B
W1833,W2430B
W2133,W2730B
W2433,W3030B
W0936,W3330B
W1236,W3630B
W1536,W2433B
W1836,W2733B
W2136,W3033B
W2436,W3333B
W0939,W3633B
W1239,W2436B
W1539,W2736B
W1839,W3036B
W2139,W3336B
W0942,W3636B
W1242,W2439B
W1542,W2739B
W1842,W3039B
W2142,W3339B
W2442,W3639B
,W2442B
,W2742B
,W3042B
,W3342B
,W3642B
